,pred_highlight_rf,pred_highlight_nn,is_highlight,Actual,Neural Network,Random Forest,,VALIDATION DONE ON URL: https://www.youtube.com/watch?v=xqtZf2dIZzQ
0,1,1,0,0,-0.5,-2,,
1,0,0,0,0,-1.5,-3,,
2,0,0,0,0,-1.5,-3,,
3,1,0,0,0,-1.5,-2,,
4,0,0,0,0,-1.5,-3,,
5,0,0,0,0,-1.5,-3,,
6,0,0,0,0,-1.5,-3,,
7,0,0,0,0,-1.5,-3,,
8,0,0,0,0,-1.5,-3,,
9,0,0,0,0,-1.5,-3,,
10,0,0,0,0,-1.5,-3,,
11,0,0,0,0,-1.5,-3,,
12,0,0,0,0,-1.5,-3,,
13,0,0,1,1,-1.5,-3,,
14,0,1,1,1,-0.5,-3,,
15,1,1,1,1,-0.5,-2,,
16,0,1,1,1,-0.5,-3,,
17,0,1,1,1,-0.5,-3,,
18,0,1,1,1,-0.5,-3,,
19,0,1,1,1,-0.5,-3,,
20,0,1,1,1,-0.5,-3,,
21,1,1,1,1,-0.5,-2,,
22,0,0,0,0,-1.5,-3,,
23,0,0,0,0,-1.5,-3,,
24,0,0,0,0,-1.5,-3,,
25,0,0,0,0,-1.5,-3,,
26,0,0,0,0,-1.5,-3,,
27,0,0,0,0,-1.5,-3,,
28,0,0,0,0,-1.5,-3,,
29,0,0,0,0,-1.5,-3,,
30,0,0,0,0,-1.5,-3,,
31,0,0,0,0,-1.5,-3,,
32,0,0,0,0,-1.5,-3,,
33,0,0,0,0,-1.5,-3,,
34,0,0,1,1,-1.5,-3,,
35,1,1,1,1,-0.5,-2,,
36,1,1,1,1,-0.5,-2,,
37,0,0,1,1,-1.5,-3,,
38,1,1,1,1,-0.5,-2,,
39,1,1,1,1,-0.5,-2,,
40,1,1,1,1,-0.5,-2,,
41,0,0,1,1,-1.5,-3,,
42,0,0,0,0,-1.5,-3,,
43,0,0,0,0,-1.5,-3,,
44,0,0,0,0,-1.5,-3,,
45,0,0,0,0,-1.5,-3,,
46,0,0,0,0,-1.5,-3,,
47,0,0,0,0,-1.5,-3,,
48,0,0,0,0,-1.5,-3,,
49,0,0,0,0,-1.5,-3,,
50,0,0,0,0,-1.5,-3,,
51,0,0,0,0,-1.5,-3,,
52,0,0,0,0,-1.5,-3,,
53,0,0,0,0,-1.5,-3,,
54,0,0,0,0,-1.5,-3,,
55,0,0,0,0,-1.5,-3,,
56,0,0,0,0,-1.5,-3,,
57,0,0,0,0,-1.5,-3,,
58,0,0,0,0,-1.5,-3,,
59,0,0,0,0,-1.5,-3,,
60,0,0,0,0,-1.5,-3,,
61,0,0,0,0,-1.5,-3,,
62,0,0,0,0,-1.5,-3,,
63,0,0,0,0,-1.5,-3,,
64,0,0,0,0,-1.5,-3,,
65,0,0,0,0,-1.5,-3,,
66,0,0,0,0,-1.5,-3,,
67,0,0,0,0,-1.5,-3,,
68,0,0,0,0,-1.5,-3,,
69,0,0,0,0,-1.5,-3,,
70,0,1,0,0,-0.5,-3,,
71,1,0,0,0,-1.5,-2,,
72,0,0,0,0,-1.5,-3,,
73,0,0,0,0,-1.5,-3,,
74,0,0,0,0,-1.5,-3,,
75,0,0,0,0,-1.5,-3,,
76,0,0,0,0,-1.5,-3,,
77,0,0,0,0,-1.5,-3,,
78,0,0,0,0,-1.5,-3,,
79,0,0,0,0,-1.5,-3,,
80,0,0,0,0,-1.5,-3,,
81,0,0,0,0,-1.5,-3,,
82,0,0,0,0,-1.5,-3,,
83,0,0,0,0,-1.5,-3,,
84,0,0,0,0,-1.5,-3,,
85,0,0,0,0,-1.5,-3,,
86,0,0,0,0,-1.5,-3,,
87,0,0,0,0,-1.5,-3,,
88,0,0,0,0,-1.5,-3,,
89,0,0,0,0,-1.5,-3,,
90,0,0,0,0,-1.5,-3,,
91,0,0,0,0,-1.5,-3,,
92,0,0,0,0,-1.5,-3,,
93,0,0,0,0,-1.5,-3,,
94,0,0,0,0,-1.5,-3,,
95,0,0,0,0,-1.5,-3,,
96,0,0,0,0,-1.5,-3,,
97,0,0,0,0,-1.5,-3,,
98,0,0,0,0,-1.5,-3,,
99,0,0,0,0,-1.5,-3,,
100,0,0,0,0,-1.5,-3,,
101,0,0,0,0,-1.5,-3,,
102,0,0,0,0,-1.5,-3,,
103,0,0,0,0,-1.5,-3,,
104,0,0,0,0,-1.5,-3,,
105,0,0,0,0,-1.5,-3,,
106,0,0,0,0,-1.5,-3,,
107,0,0,0,0,-1.5,-3,,
108,0,0,0,0,-1.5,-3,,
109,0,0,0,0,-1.5,-3,,
110,0,0,0,0,-1.5,-3,,
111,0,0,0,0,-1.5,-3,,
112,0,0,0,0,-1.5,-3,,
113,0,0,0,0,-1.5,-3,,
114,0,0,0,0,-1.5,-3,,
115,0,0,0,0,-1.5,-3,,
116,0,0,0,0,-1.5,-3,,
117,0,0,0,0,-1.5,-3,,
118,0,0,0,0,-1.5,-3,,
119,0,0,0,0,-1.5,-3,,
120,0,0,0,0,-1.5,-3,,
121,0,0,0,0,-1.5,-3,,
122,0,0,0,0,-1.5,-3,,
123,0,0,0,0,-1.5,-3,,
124,0,0,0,0,-1.5,-3,,
125,0,0,0,0,-1.5,-3,,
126,0,0,0,0,-1.5,-3,,
127,0,0,0,0,-1.5,-3,,
128,0,0,0,0,-1.5,-3,,
129,0,0,0,0,-1.5,-3,,
130,0,0,0,0,-1.5,-3,,
131,0,0,0,0,-1.5,-3,,
132,0,0,0,0,-1.5,-3,,
133,0,0,0,0,-1.5,-3,,
134,0,0,0,0,-1.5,-3,,
135,0,0,0,0,-1.5,-3,,
136,0,0,0,0,-1.5,-3,,
137,0,0,0,0,-1.5,-3,,
138,0,0,0,0,-1.5,-3,,
139,0,0,0,0,-1.5,-3,,
140,0,0,0,0,-1.5,-3,,
141,0,0,0,0,-1.5,-3,,
142,1,0,0,0,-1.5,-2,,
143,0,0,0,0,-1.5,-3,,
144,0,1,0,0,-0.5,-3,,
145,0,0,0,0,-1.5,-3,,
146,0,1,0,0,-0.5,-3,,
147,0,1,0,0,-0.5,-3,,
148,0,0,0,0,-1.5,-3,,
149,1,0,0,0,-1.5,-2,,
150,0,0,0,0,-1.5,-3,,
151,0,0,0,0,-1.5,-3,,
152,0,0,0,0,-1.5,-3,,
153,0,0,0,0,-1.5,-3,,
154,0,0,0,0,-1.5,-3,,
155,0,0,0,0,-1.5,-3,,
156,0,0,0,0,-1.5,-3,,
157,0,0,0,0,-1.5,-3,,
158,0,0,0,0,-1.5,-3,,
159,0,0,0,0,-1.5,-3,,
160,0,0,0,0,-1.5,-3,,
161,0,0,0,0,-1.5,-3,,
162,0,0,0,0,-1.5,-3,,
163,0,0,0,0,-1.5,-3,,
164,0,0,0,0,-1.5,-3,,
165,0,0,0,0,-1.5,-3,,
166,0,0,0,0,-1.5,-3,,
167,0,0,0,0,-1.5,-3,,
168,0,0,0,0,-1.5,-3,,
169,0,0,0,0,-1.5,-3,,
170,0,0,0,0,-1.5,-3,,
171,0,0,0,0,-1.5,-3,,
172,0,0,0,0,-1.5,-3,,
173,0,0,0,0,-1.5,-3,,
174,0,0,0,0,-1.5,-3,,
175,0,0,0,0,-1.5,-3,,
176,0,0,0,0,-1.5,-3,,
177,0,0,0,0,-1.5,-3,,
178,0,0,0,0,-1.5,-3,,
179,0,0,0,0,-1.5,-3,,
180,0,0,0,0,-1.5,-3,,
181,0,0,0,0,-1.5,-3,,
182,0,0,0,0,-1.5,-3,,
183,0,0,0,0,-1.5,-3,,
184,0,0,0,0,-1.5,-3,,
185,0,0,0,0,-1.5,-3,,
186,0,0,0,0,-1.5,-3,,
187,0,0,0,0,-1.5,-3,,
188,0,0,0,0,-1.5,-3,,
189,0,0,0,0,-1.5,-3,,
190,0,0,0,0,-1.5,-3,,
191,0,0,0,0,-1.5,-3,,
192,0,0,0,0,-1.5,-3,,
193,0,0,0,0,-1.5,-3,,
194,0,0,0,0,-1.5,-3,,
195,0,0,0,0,-1.5,-3,,
196,0,0,0,0,-1.5,-3,,
197,0,0,0,0,-1.5,-3,,
198,0,0,0,0,-1.5,-3,,
199,0,0,0,0,-1.5,-3,,
200,0,0,0,0,-1.5,-3,,
201,0,0,0,0,-1.5,-3,,
202,0,0,0,0,-1.5,-3,,
203,0,0,0,0,-1.5,-3,,
204,0,0,0,0,-1.5,-3,,
205,0,0,0,0,-1.5,-3,,
206,0,0,0,0,-1.5,-3,,
207,0,0,0,0,-1.5,-3,,
208,0,0,0,0,-1.5,-3,,
209,0,0,0,0,-1.5,-3,,
210,0,0,0,0,-1.5,-3,,
211,0,0,0,0,-1.5,-3,,
212,0,0,0,0,-1.5,-3,,
213,0,0,1,1,-1.5,-3,,
214,1,1,1,1,-0.5,-2,,
215,0,1,1,1,-0.5,-3,,
216,0,0,1,1,-1.5,-3,,
217,0,0,1,1,-1.5,-3,,
218,0,0,1,1,-1.5,-3,,
219,0,0,1,1,-1.5,-3,,
220,0,0,1,1,-1.5,-3,,
221,0,0,1,1,-1.5,-3,,
222,0,0,0,0,-1.5,-3,,
223,0,0,0,0,-1.5,-3,,
224,0,0,0,0,-1.5,-3,,
225,0,0,0,0,-1.5,-3,,
226,0,0,0,0,-1.5,-3,,
227,0,0,0,0,-1.5,-3,,
228,0,0,0,0,-1.5,-3,,
229,0,0,1,1,-1.5,-3,,
230,0,1,1,1,-0.5,-3,,
231,0,1,1,1,-0.5,-3,,
232,0,0,1,1,-1.5,-3,,
233,0,0,0,0,-1.5,-3,,
234,0,0,0,0,-1.5,-3,,
235,0,0,0,0,-1.5,-3,,
236,0,0,0,0,-1.5,-3,,
237,0,0,0,0,-1.5,-3,,
238,0,0,0,0,-1.5,-3,,
239,0,0,0,0,-1.5,-3,,
240,0,0,0,0,-1.5,-3,,
241,0,0,0,0,-1.5,-3,,
242,0,0,0,0,-1.5,-3,,
243,0,0,0,0,-1.5,-3,,
244,0,0,0,0,-1.5,-3,,
245,0,0,0,0,-1.5,-3,,
246,0,0,0,0,-1.5,-3,,
247,0,1,0,0,-0.5,-3,,
248,0,0,0,0,-1.5,-3,,
249,0,0,0,0,-1.5,-3,,
250,0,0,0,0,-1.5,-3,,
251,0,0,0,0,-1.5,-3,,
252,0,0,0,0,-1.5,-3,,
253,0,0,0,0,-1.5,-3,,
254,0,0,0,0,-1.5,-3,,
255,0,0,0,0,-1.5,-3,,
256,0,0,0,0,-1.5,-3,,
257,0,0,0,0,-1.5,-3,,
258,0,0,0,0,-1.5,-3,,
259,0,0,0,0,-1.5,-3,,
260,0,0,0,0,-1.5,-3,,
261,0,0,0,0,-1.5,-3,,
262,0,0,0,0,-1.5,-3,,
263,0,0,0,0,-1.5,-3,,
264,0,0,0,0,-1.5,-3,,
265,0,0,0,0,-1.5,-3,,
266,0,0,0,0,-1.5,-3,,
267,0,0,0,0,-1.5,-3,,
268,0,0,0,0,-1.5,-3,,
269,0,0,0,0,-1.5,-3,,
270,0,0,0,0,-1.5,-3,,
271,0,0,0,0,-1.5,-3,,
272,0,0,0,0,-1.5,-3,,
273,0,0,0,0,-1.5,-3,,
274,0,0,0,0,-1.5,-3,,
275,0,0,0,0,-1.5,-3,,
276,0,0,0,0,-1.5,-3,,
277,0,0,0,0,-1.5,-3,,
278,0,0,0,0,-1.5,-3,,
279,0,0,0,0,-1.5,-3,,
280,0,0,0,0,-1.5,-3,,
281,0,0,0,0,-1.5,-3,,
282,0,0,0,0,-1.5,-3,,
283,0,0,0,0,-1.5,-3,,
284,0,0,0,0,-1.5,-3,,
285,0,0,0,0,-1.5,-3,,
286,0,0,0,0,-1.5,-3,,
287,0,0,0,0,-1.5,-3,,
288,0,0,0,0,-1.5,-3,,
289,0,0,0,0,-1.5,-3,,
290,0,0,0,0,-1.5,-3,,
291,0,0,0,0,-1.5,-3,,
292,0,0,0,0,-1.5,-3,,
293,0,0,0,0,-1.5,-3,,
294,0,0,0,0,-1.5,-3,,
295,0,0,0,0,-1.5,-3,,
296,0,0,0,0,-1.5,-3,,
297,0,0,0,0,-1.5,-3,,
298,0,0,0,0,-1.5,-3,,
299,0,0,0,0,-1.5,-3,,
300,0,0,0,0,-1.5,-3,,
301,0,0,0,0,-1.5,-3,,
302,0,0,0,0,-1.5,-3,,
303,0,0,0,0,-1.5,-3,,
304,0,0,0,0,-1.5,-3,,
305,0,0,0,0,-1.5,-3,,
306,0,0,0,0,-1.5,-3,,
307,0,0,0,0,-1.5,-3,,
308,0,0,0,0,-1.5,-3,,
309,0,0,0,0,-1.5,-3,,
310,0,0,0,0,-1.5,-3,,
311,0,0,0,0,-1.5,-3,,
312,0,0,1,1,-1.5,-3,,
313,0,0,1,1,-1.5,-3,,
314,0,1,1,1,-0.5,-3,,
315,0,1,1,1,-0.5,-3,,
316,0,1,1,1,-0.5,-3,,
317,0,0,1,1,-1.5,-3,,
318,0,0,0,0,-1.5,-3,,
319,0,0,0,0,-1.5,-3,,
320,0,1,1,1,-0.5,-3,,
321,1,1,1,1,-0.5,-2,,
322,0,1,1,1,-0.5,-3,,
323,1,1,1,1,-0.5,-2,,
324,0,1,1,1,-0.5,-3,,
325,0,1,1,1,-0.5,-3,,
326,1,1,1,1,-0.5,-2,,
327,0,1,1,1,-0.5,-3,,
328,1,1,1,1,-0.5,-2,,
329,0,0,1,1,-1.5,-3,,
330,0,0,0,0,-1.5,-3,,
331,1,1,1,1,-0.5,-2,,
332,0,0,0,0,-1.5,-3,,
333,0,0,0,0,-1.5,-3,,
334,0,0,0,0,-1.5,-3,,
335,0,0,0,0,-1.5,-3,,
336,0,0,0,0,-1.5,-3,,
337,0,0,0,0,-1.5,-3,,
338,0,0,0,0,-1.5,-3,,
339,0,0,0,0,-1.5,-3,,
340,0,0,0,0,-1.5,-3,,
341,0,0,0,0,-1.5,-3,,
342,0,0,0,0,-1.5,-3,,
343,0,0,0,0,-1.5,-3,,
344,0,0,0,0,-1.5,-3,,
345,0,0,0,0,-1.5,-3,,
346,0,0,0,0,-1.5,-3,,
347,0,0,0,0,-1.5,-3,,
348,0,0,0,0,-1.5,-3,,
349,0,0,0,0,-1.5,-3,,
350,0,0,0,0,-1.5,-3,,
351,0,0,0,0,-1.5,-3,,
352,0,0,0,0,-1.5,-3,,
353,0,0,0,0,-1.5,-3,,
354,0,0,0,0,-1.5,-3,,
355,0,0,0,0,-1.5,-3,,
356,0,0,0,0,-1.5,-3,,
357,0,0,0,0,-1.5,-3,,
358,0,0,0,0,-1.5,-3,,
359,0,0,0,0,-1.5,-3,,
360,0,0,0,0,-1.5,-3,,
361,0,0,0,0,-1.5,-3,,
362,0,0,0,0,-1.5,-3,,
363,0,0,0,0,-1.5,-3,,
364,0,0,0,0,-1.5,-3,,
365,0,0,0,0,-1.5,-3,,
366,0,0,0,0,-1.5,-3,,
367,0,0,0,0,-1.5,-3,,
368,0,0,0,0,-1.5,-3,,
369,0,0,0,0,-1.5,-3,,
370,0,0,0,0,-1.5,-3,,
371,0,0,0,0,-1.5,-3,,
372,0,0,0,0,-1.5,-3,,
373,0,0,0,0,-1.5,-3,,
374,0,0,0,0,-1.5,-3,,
375,0,0,0,0,-1.5,-3,,
376,0,0,0,0,-1.5,-3,,
377,0,0,0,0,-1.5,-3,,
378,0,0,0,0,-1.5,-3,,
379,0,0,0,0,-1.5,-3,,
380,0,0,0,0,-1.5,-3,,
381,0,0,0,0,-1.5,-3,,
382,0,0,0,0,-1.5,-3,,
383,0,0,0,0,-1.5,-3,,
384,0,0,0,0,-1.5,-3,,
385,0,0,0,0,-1.5,-3,,
386,0,0,0,0,-1.5,-3,,
387,0,0,0,0,-1.5,-3,,
388,0,0,0,0,-1.5,-3,,
389,0,0,0,0,-1.5,-3,,
390,0,0,0,0,-1.5,-3,,
391,0,0,0,0,-1.5,-3,,
392,0,0,0,0,-1.5,-3,,
393,0,0,0,0,-1.5,-3,,
394,0,0,0,0,-1.5,-3,,
395,0,0,0,0,-1.5,-3,,
396,0,0,0,0,-1.5,-3,,
397,0,0,0,0,-1.5,-3,,
398,0,0,0,0,-1.5,-3,,
399,0,0,0,0,-1.5,-3,,
400,0,0,0,0,-1.5,-3,,
401,0,1,0,0,-0.5,-3,,
402,0,1,0,0,-0.5,-3,,
403,1,1,0,0,-0.5,-2,,
404,0,1,0,0,-0.5,-3,,
405,0,1,0,0,-0.5,-3,,
406,0,1,0,0,-0.5,-3,,
407,0,1,0,0,-0.5,-3,,
408,0,0,0,0,-1.5,-3,,
409,0,0,0,0,-1.5,-3,,
410,0,0,0,0,-1.5,-3,,
411,0,0,0,0,-1.5,-3,,
412,0,0,0,0,-1.5,-3,,
413,0,0,0,0,-1.5,-3,,
414,0,0,0,0,-1.5,-3,,
415,0,0,0,0,-1.5,-3,,
416,0,0,0,0,-1.5,-3,,
417,0,0,0,0,-1.5,-3,,
418,0,0,0,0,-1.5,-3,,
419,0,0,0,0,-1.5,-3,,
420,0,0,0,0,-1.5,-3,,
421,0,0,0,0,-1.5,-3,,
422,0,0,0,0,-1.5,-3,,
423,0,0,0,0,-1.5,-3,,
424,0,0,0,0,-1.5,-3,,
425,0,0,0,0,-1.5,-3,,
426,0,0,0,0,-1.5,-3,,
427,0,0,0,0,-1.5,-3,,
428,0,0,0,0,-1.5,-3,,
429,0,0,0,0,-1.5,-3,,
430,0,0,0,0,-1.5,-3,,
431,0,0,0,0,-1.5,-3,,
432,0,0,0,0,-1.5,-3,,
433,0,0,0,0,-1.5,-3,,
434,0,0,0,0,-1.5,-3,,
435,0,0,0,0,-1.5,-3,,
436,0,0,0,0,-1.5,-3,,
437,0,0,0,0,-1.5,-3,,
438,1,1,0,0,-0.5,-2,,
439,0,0,0,0,-1.5,-3,,
440,0,0,0,0,-1.5,-3,,
441,0,0,0,0,-1.5,-3,,
442,0,0,0,0,-1.5,-3,,
443,0,0,0,0,-1.5,-3,,
444,0,0,0,0,-1.5,-3,,
445,0,0,0,0,-1.5,-3,,
446,0,0,0,0,-1.5,-3,,
447,0,1,0,0,-0.5,-3,,
448,0,1,0,0,-0.5,-3,,
449,0,1,0,0,-0.5,-3,,
450,0,1,0,0,-0.5,-3,,
451,0,0,0,0,-1.5,-3,,
452,0,0,0,0,-1.5,-3,,
453,0,0,0,0,-1.5,-3,,
454,0,0,0,0,-1.5,-3,,
455,0,0,0,0,-1.5,-3,,
456,0,0,0,0,-1.5,-3,,
457,0,0,0,0,-1.5,-3,,
458,0,0,0,0,-1.5,-3,,
459,0,0,0,0,-1.5,-3,,
460,0,0,0,0,-1.5,-3,,
461,0,0,0,0,-1.5,-3,,
462,0,0,0,0,-1.5,-3,,
463,0,0,0,0,-1.5,-3,,
464,0,0,0,0,-1.5,-3,,
465,0,0,0,0,-1.5,-3,,
466,0,0,0,0,-1.5,-3,,
467,0,0,0,0,-1.5,-3,,
468,0,0,0,0,-1.5,-3,,
469,0,0,0,0,-1.5,-3,,
470,0,0,0,0,-1.5,-3,,
471,0,0,0,0,-1.5,-3,,
472,0,0,0,0,-1.5,-3,,
473,0,0,0,0,-1.5,-3,,
474,0,0,0,0,-1.5,-3,,
475,0,0,0,0,-1.5,-3,,
476,0,0,0,0,-1.5,-3,,
477,0,0,0,0,-1.5,-3,,
478,0,0,0,0,-1.5,-3,,
479,0,0,0,0,-1.5,-3,,
480,0,0,0,0,-1.5,-3,,
481,0,0,0,0,-1.5,-3,,
482,0,0,0,0,-1.5,-3,,
483,0,0,0,0,-1.5,-3,,
484,0,0,0,0,-1.5,-3,,
485,0,0,1,1,-1.5,-3,,
486,0,0,0,0,-1.5,-3,,
487,0,0,0,0,-1.5,-3,,
488,0,0,0,0,-1.5,-3,,
489,0,0,1,1,-1.5,-3,,
490,0,0,1,1,-1.5,-3,,
491,0,0,0,0,-1.5,-3,,
492,0,0,0,0,-1.5,-3,,
493,0,0,0,0,-1.5,-3,,
494,0,0,1,1,-1.5,-3,,
495,0,1,1,1,-0.5,-3,,
496,0,1,1,1,-0.5,-3,,
497,0,1,1,1,-0.5,-3,,
498,0,1,1,1,-0.5,-3,,
499,0,0,1,1,-1.5,-3,,
500,0,0,0,0,-1.5,-3,,
501,0,0,0,0,-1.5,-3,,
502,0,0,0,0,-1.5,-3,,
503,0,0,0,0,-1.5,-3,,
504,0,0,0,0,-1.5,-3,,
505,0,0,0,0,-1.5,-3,,
506,0,0,0,0,-1.5,-3,,
507,0,0,0,0,-1.5,-3,,
508,0,0,0,0,-1.5,-3,,
509,0,0,0,0,-1.5,-3,,
510,0,0,0,0,-1.5,-3,,
511,0,0,0,0,-1.5,-3,,
512,0,0,0,0,-1.5,-3,,
513,0,0,0,0,-1.5,-3,,
514,0,0,0,0,-1.5,-3,,
515,0,0,0,0,-1.5,-3,,
516,0,0,0,0,-1.5,-3,,
517,0,0,0,0,-1.5,-3,,
518,0,0,0,0,-1.5,-3,,
519,0,0,0,0,-1.5,-3,,
520,0,0,0,0,-1.5,-3,,
521,0,0,0,0,-1.5,-3,,
522,0,0,0,0,-1.5,-3,,
523,0,0,0,0,-1.5,-3,,
524,0,0,0,0,-1.5,-3,,
525,0,0,0,0,-1.5,-3,,
526,0,0,0,0,-1.5,-3,,
527,0,0,0,0,-1.5,-3,,
528,0,0,0,0,-1.5,-3,,
529,0,0,0,0,-1.5,-3,,
530,0,0,0,0,-1.5,-3,,
531,0,0,0,0,-1.5,-3,,
532,0,0,0,0,-1.5,-3,,
533,0,0,0,0,-1.5,-3,,
534,0,0,0,0,-1.5,-3,,
535,0,0,0,0,-1.5,-3,,
536,0,0,0,0,-1.5,-3,,
537,0,0,0,0,-1.5,-3,,
538,0,0,0,0,-1.5,-3,,
539,0,0,0,0,-1.5,-3,,
540,0,0,0,0,-1.5,-3,,
541,0,0,0,0,-1.5,-3,,
542,0,0,0,0,-1.5,-3,,
543,0,0,0,0,-1.5,-3,,
544,0,0,0,0,-1.5,-3,,
545,0,0,0,0,-1.5,-3,,
546,0,0,0,0,-1.5,-3,,
547,0,0,0,0,-1.5,-3,,
548,0,0,0,0,-1.5,-3,,
549,0,0,0,0,-1.5,-3,,
550,0,0,0,0,-1.5,-3,,
551,0,0,0,0,-1.5,-3,,
552,0,0,0,0,-1.5,-3,,
553,0,0,0,0,-1.5,-3,,
554,0,0,0,0,-1.5,-3,,
555,0,0,0,0,-1.5,-3,,
556,0,0,0,0,-1.5,-3,,
557,0,0,0,0,-1.5,-3,,
558,0,0,0,0,-1.5,-3,,
559,0,0,0,0,-1.5,-3,,
560,0,1,0,0,-0.5,-3,,
561,0,0,0,0,-1.5,-3,,
562,0,0,0,0,-1.5,-3,,
563,0,0,0,0,-1.5,-3,,
564,0,0,0,0,-1.5,-3,,
565,0,0,0,0,-1.5,-3,,
566,0,0,0,0,-1.5,-3,,
567,0,0,0,0,-1.5,-3,,
568,0,0,0,0,-1.5,-3,,
569,0,0,0,0,-1.5,-3,,
570,0,0,0,0,-1.5,-3,,
571,0,0,0,0,-1.5,-3,,
572,0,0,0,0,-1.5,-3,,
573,0,0,0,0,-1.5,-3,,
574,0,0,0,0,-1.5,-3,,
575,0,0,0,0,-1.5,-3,,
576,0,0,0,0,-1.5,-3,,
577,0,0,0,0,-1.5,-3,,
578,0,0,0,0,-1.5,-3,,
579,0,0,0,0,-1.5,-3,,
580,0,0,0,0,-1.5,-3,,
581,0,0,0,0,-1.5,-3,,
582,0,0,0,0,-1.5,-3,,
583,0,0,0,0,-1.5,-3,,
584,0,0,0,0,-1.5,-3,,
585,0,0,0,0,-1.5,-3,,
586,0,0,0,0,-1.5,-3,,
587,0,0,0,0,-1.5,-3,,
588,0,0,0,0,-1.5,-3,,
589,0,0,0,0,-1.5,-3,,
590,0,0,0,0,-1.5,-3,,
591,0,0,0,0,-1.5,-3,,
592,0,1,0,0,-0.5,-3,,
593,1,1,0,0,-0.5,-2,,
594,0,1,0,0,-0.5,-3,,
595,0,1,0,0,-0.5,-3,,
596,0,0,0,0,-1.5,-3,,
597,0,0,0,0,-1.5,-3,,
598,0,0,0,0,-1.5,-3,,
599,0,0,0,0,-1.5,-3,,
600,0,0,0,0,-1.5,-3,,
601,0,0,0,0,-1.5,-3,,
602,0,0,0,0,-1.5,-3,,
603,0,0,0,0,-1.5,-3,,
604,0,0,0,0,-1.5,-3,,
605,0,0,0,0,-1.5,-3,,
606,0,0,0,0,-1.5,-3,,
607,0,0,0,0,-1.5,-3,,
608,0,0,0,0,-1.5,-3,,
609,0,0,0,0,-1.5,-3,,
610,0,0,0,0,-1.5,-3,,
611,0,0,0,0,-1.5,-3,,
612,0,0,0,0,-1.5,-3,,
613,0,0,0,0,-1.5,-3,,
614,0,0,0,0,-1.5,-3,,
615,0,0,0,0,-1.5,-3,,
616,0,0,0,0,-1.5,-3,,
617,0,0,0,0,-1.5,-3,,
618,0,0,0,0,-1.5,-3,,
619,0,0,0,0,-1.5,-3,,
620,0,0,0,0,-1.5,-3,,
621,0,0,0,0,-1.5,-3,,
622,0,0,0,0,-1.5,-3,,
623,0,0,0,0,-1.5,-3,,
624,0,0,0,0,-1.5,-3,,
625,0,0,0,0,-1.5,-3,,
626,0,0,0,0,-1.5,-3,,
627,0,0,0,0,-1.5,-3,,
628,0,0,1,1,-1.5,-3,,
629,0,0,1,1,-1.5,-3,,
630,0,1,1,1,-0.5,-3,,
631,0,0,1,1,-1.5,-3,,
632,1,1,1,1,-0.5,-2,,
633,1,1,1,1,-0.5,-2,,
634,1,1,1,1,-0.5,-2,,
635,1,1,1,1,-0.5,-2,,
636,1,1,1,1,-0.5,-2,,
637,1,1,1,1,-0.5,-2,,
638,1,1,1,1,-0.5,-2,,
639,1,1,1,1,-0.5,-2,,
640,0,0,1,1,-1.5,-3,,
641,0,0,0,0,-1.5,-3,,
642,0,0,0,0,-1.5,-3,,
643,0,0,0,0,-1.5,-3,,
644,0,0,0,0,-1.5,-3,,
645,0,0,0,0,-1.5,-3,,
646,0,0,0,0,-1.5,-3,,
647,0,0,0,0,-1.5,-3,,
648,0,0,0,0,-1.5,-3,,
649,0,0,0,0,-1.5,-3,,
650,0,0,0,0,-1.5,-3,,
651,0,0,0,0,-1.5,-3,,
652,0,0,0,0,-1.5,-3,,
653,0,0,0,0,-1.5,-3,,
654,0,0,0,0,-1.5,-3,,
655,0,0,0,0,-1.5,-3,,
656,0,0,0,0,-1.5,-3,,
657,0,0,0,0,-1.5,-3,,
658,0,0,0,0,-1.5,-3,,
659,0,0,0,0,-1.5,-3,,
660,0,0,0,0,-1.5,-3,,
661,0,0,0,0,-1.5,-3,,
662,0,0,0,0,-1.5,-3,,
663,0,0,0,0,-1.5,-3,,
664,0,0,0,0,-1.5,-3,,
665,0,0,0,0,-1.5,-3,,
666,0,0,0,0,-1.5,-3,,
667,0,0,0,0,-1.5,-3,,
668,1,1,0,0,-0.5,-2,,
669,0,0,0,0,-1.5,-3,,
670,0,0,0,0,-1.5,-3,,
671,0,0,0,0,-1.5,-3,,
672,0,0,0,0,-1.5,-3,,
673,0,0,0,0,-1.5,-3,,
674,0,0,0,0,-1.5,-3,,
675,0,0,0,0,-1.5,-3,,
676,0,0,0,0,-1.5,-3,,
677,0,0,0,0,-1.5,-3,,
678,0,0,0,0,-1.5,-3,,
679,0,0,0,0,-1.5,-3,,
680,0,0,0,0,-1.5,-3,,
681,0,0,0,0,-1.5,-3,,
682,0,0,0,0,-1.5,-3,,
683,0,0,0,0,-1.5,-3,,
684,0,0,0,0,-1.5,-3,,
685,0,0,0,0,-1.5,-3,,
686,0,0,0,0,-1.5,-3,,
687,0,0,0,0,-1.5,-3,,
688,0,0,0,0,-1.5,-3,,
689,0,0,0,0,-1.5,-3,,
690,0,0,0,0,-1.5,-3,,
691,0,0,0,0,-1.5,-3,,
692,0,0,0,0,-1.5,-3,,
693,0,0,0,0,-1.5,-3,,
694,0,0,0,0,-1.5,-3,,
695,0,0,0,0,-1.5,-3,,
696,0,0,0,0,-1.5,-3,,
697,0,1,0,0,-0.5,-3,,
698,0,0,0,0,-1.5,-3,,
699,0,0,0,0,-1.5,-3,,
700,0,0,0,0,-1.5,-3,,
701,0,0,0,0,-1.5,-3,,
702,0,0,0,0,-1.5,-3,,
703,1,1,1,1,-0.5,-2,,
704,1,1,1,1,-0.5,-2,,
705,0,1,1,1,-0.5,-3,,
706,0,1,1,1,-0.5,-3,,
707,1,1,1,1,-0.5,-2,,
708,0,1,1,1,-0.5,-3,,
709,0,1,1,1,-0.5,-3,,
710,0,0,1,1,-1.5,-3,,
711,0,0,0,0,-1.5,-3,,
712,0,1,0,0,-0.5,-3,,
713,0,0,0,0,-1.5,-3,,
714,0,0,0,0,-1.5,-3,,
715,0,0,0,0,-1.5,-3,,
716,0,0,0,0,-1.5,-3,,
717,0,0,0,0,-1.5,-3,,
718,0,0,0,0,-1.5,-3,,
719,0,0,0,0,-1.5,-3,,
720,0,0,0,0,-1.5,-3,,
721,0,0,0,0,-1.5,-3,,
722,0,0,0,0,-1.5,-3,,
723,0,0,0,0,-1.5,-3,,
724,0,0,0,0,-1.5,-3,,
725,0,0,0,0,-1.5,-3,,
726,0,0,0,0,-1.5,-3,,
727,0,0,0,0,-1.5,-3,,
728,0,0,0,0,-1.5,-3,,
729,0,0,0,0,-1.5,-3,,
730,0,0,0,0,-1.5,-3,,
731,0,0,0,0,-1.5,-3,,
732,0,0,0,0,-1.5,-3,,
733,0,0,0,0,-1.5,-3,,
734,0,0,0,0,-1.5,-3,,
735,0,0,1,1,-1.5,-3,,
736,0,0,1,1,-1.5,-3,,
737,0,1,1,1,-0.5,-3,,
738,0,1,1,1,-0.5,-3,,
739,0,1,1,1,-0.5,-3,,
740,0,0,1,1,-1.5,-3,,
741,1,1,1,1,-0.5,-2,,
742,0,1,1,1,-0.5,-3,,
743,1,1,1,1,-0.5,-2,,
744,1,1,1,1,-0.5,-2,,
745,1,1,1,1,-0.5,-2,,
746,1,1,1,1,-0.5,-2,,
747,1,1,1,1,-0.5,-2,,
748,0,0,1,1,-1.5,-3,,
749,0,0,0,0,-1.5,-3,,
750,0,0,0,0,-1.5,-3,,
751,0,0,0,0,-1.5,-3,,
752,0,0,0,0,-1.5,-3,,
753,0,1,0,0,-0.5,-3,,
754,0,1,0,0,-0.5,-3,,
755,0,1,0,0,-0.5,-3,,
756,0,0,0,0,-1.5,-3,,
757,0,1,0,0,-0.5,-3,,
758,0,0,0,0,-1.5,-3,,
759,0,0,0,0,-1.5,-3,,
760,0,0,0,0,-1.5,-3,,
761,0,0,0,0,-1.5,-3,,
762,0,1,0,0,-0.5,-3,,
763,0,0,0,0,-1.5,-3,,
764,0,1,0,0,-0.5,-3,,
765,0,0,0,0,-1.5,-3,,
766,0,0,0,0,-1.5,-3,,
767,0,0,0,0,-1.5,-3,,
768,0,0,0,0,-1.5,-3,,
769,0,0,0,0,-1.5,-3,,
770,0,0,0,0,-1.5,-3,,
771,0,0,0,0,-1.5,-3,,
772,0,0,0,0,-1.5,-3,,
773,0,1,0,0,-0.5,-3,,
774,0,0,0,0,-1.5,-3,,
775,0,0,0,0,-1.5,-3,,
776,0,0,0,0,-1.5,-3,,
777,0,0,0,0,-1.5,-3,,
778,0,1,0,0,-0.5,-3,,
779,0,0,0,0,-1.5,-3,,
780,0,0,0,0,-1.5,-3,,
781,0,0,0,0,-1.5,-3,,
782,0,0,0,0,-1.5,-3,,
783,0,0,0,0,-1.5,-3,,
784,0,0,0,0,-1.5,-3,,
785,0,0,0,0,-1.5,-3,,
786,0,0,0,0,-1.5,-3,,
787,0,0,0,0,-1.5,-3,,
788,0,0,0,0,-1.5,-3,,
789,0,0,0,0,-1.5,-3,,
790,0,0,0,0,-1.5,-3,,
791,0,0,0,0,-1.5,-3,,
792,0,0,0,0,-1.5,-3,,
793,0,0,0,0,-1.5,-3,,
794,0,0,0,0,-1.5,-3,,
795,0,0,0,0,-1.5,-3,,
796,0,1,0,0,-0.5,-3,,
797,0,1,0,0,-0.5,-3,,
798,0,1,0,0,-0.5,-3,,
799,0,1,0,0,-0.5,-3,,
800,0,0,0,0,-1.5,-3,,
801,0,0,0,0,-1.5,-3,,
802,0,0,0,0,-1.5,-3,,
803,0,0,0,0,-1.5,-3,,
804,0,0,0,0,-1.5,-3,,
805,0,0,0,0,-1.5,-3,,
806,0,0,0,0,-1.5,-3,,
807,0,0,0,0,-1.5,-3,,
808,0,0,0,0,-1.5,-3,,
809,0,0,0,0,-1.5,-3,,
810,0,0,0,0,-1.5,-3,,
811,0,0,0,0,-1.5,-3,,
812,0,0,0,0,-1.5,-3,,
813,0,0,0,0,-1.5,-3,,
814,0,0,0,0,-1.5,-3,,
815,0,0,0,0,-1.5,-3,,
816,0,0,0,0,-1.5,-3,,
817,0,0,1,1,-1.5,-3,,
818,0,1,1,1,-0.5,-3,,
819,0,0,1,1,-1.5,-3,,
820,0,0,1,1,-1.5,-3,,
821,0,0,1,1,-1.5,-3,,
822,0,0,0,0,-1.5,-3,,
823,0,0,0,0,-1.5,-3,,
824,0,0,1,1,-1.5,-3,,
825,0,1,1,1,-0.5,-3,,
826,0,0,1,1,-1.5,-3,,
827,0,0,0,0,-1.5,-3,,
828,0,0,0,0,-1.5,-3,,
829,0,0,0,0,-1.5,-3,,
830,0,0,0,0,-1.5,-3,,
831,0,0,0,0,-1.5,-3,,
832,0,0,0,0,-1.5,-3,,
833,0,0,0,0,-1.5,-3,,
834,0,0,0,0,-1.5,-3,,
835,0,0,0,0,-1.5,-3,,
836,0,0,0,0,-1.5,-3,,
837,0,0,0,0,-1.5,-3,,
838,0,0,0,0,-1.5,-3,,
839,0,0,0,0,-1.5,-3,,
840,0,0,0,0,-1.5,-3,,
841,0,0,0,0,-1.5,-3,,
842,0,0,1,1,-1.5,-3,,
843,0,0,0,0,-1.5,-3,,
844,0,0,0,0,-1.5,-3,,
845,0,0,0,0,-1.5,-3,,
846,0,0,0,0,-1.5,-3,,
847,0,0,0,0,-1.5,-3,,
848,0,0,0,0,-1.5,-3,,
849,0,0,0,0,-1.5,-3,,
850,0,0,0,0,-1.5,-3,,
851,0,0,0,0,-1.5,-3,,
852,0,0,0,0,-1.5,-3,,
853,0,0,0,0,-1.5,-3,,
854,0,0,0,0,-1.5,-3,,
855,0,0,0,0,-1.5,-3,,
856,0,0,0,0,-1.5,-3,,
857,0,0,0,0,-1.5,-3,,
858,0,0,0,0,-1.5,-3,,
859,0,1,0,0,-0.5,-3,,
860,0,1,0,0,-0.5,-3,,
861,0,1,0,0,-0.5,-3,,
862,0,0,0,0,-1.5,-3,,
863,0,0,0,0,-1.5,-3,,
864,0,0,0,0,-1.5,-3,,
865,0,0,0,0,-1.5,-3,,
866,0,0,0,0,-1.5,-3,,
867,0,0,0,0,-1.5,-3,,
868,0,0,0,0,-1.5,-3,,
869,0,0,0,0,-1.5,-3,,
870,0,1,1,1,-0.5,-3,,
871,1,1,1,1,-0.5,-2,,
872,0,1,1,1,-0.5,-3,,
873,0,1,1,1,-0.5,-3,,
874,0,0,1,1,-1.5,-3,,
875,0,0,0,0,-1.5,-3,,
876,0,0,0,0,-1.5,-3,,
877,0,0,0,0,-1.5,-3,,
878,0,0,0,0,-1.5,-3,,
879,0,0,0,0,-1.5,-3,,
880,0,0,0,0,-1.5,-3,,
881,0,0,0,0,-1.5,-3,,
882,0,0,0,0,-1.5,-3,,
883,0,0,0,0,-1.5,-3,,
884,0,0,1,1,-1.5,-3,,
885,0,0,1,1,-1.5,-3,,
886,0,0,0,0,-1.5,-3,,
887,0,0,0,0,-1.5,-3,,
888,0,0,0,0,-1.5,-3,,
889,0,0,0,0,-1.5,-3,,
890,0,0,0,0,-1.5,-3,,
891,0,0,0,0,-1.5,-3,,
892,0,0,0,0,-1.5,-3,,
893,0,0,0,0,-1.5,-3,,
894,0,0,0,0,-1.5,-3,,
895,0,0,0,0,-1.5,-3,,
896,0,0,0,0,-1.5,-3,,
897,0,0,0,0,-1.5,-3,,
898,0,0,0,0,-1.5,-3,,
899,0,0,0,0,-1.5,-3,,
900,0,0,0,0,-1.5,-3,,
901,0,0,0,0,-1.5,-3,,
902,0,0,0,0,-1.5,-3,,
903,0,0,0,0,-1.5,-3,,
904,0,0,0,0,-1.5,-3,,
905,0,0,0,0,-1.5,-3,,
906,0,0,0,0,-1.5,-3,,
907,0,0,0,0,-1.5,-3,,
908,0,0,0,0,-1.5,-3,,
909,0,0,0,0,-1.5,-3,,
910,0,1,1,1,-0.5,-3,,
911,0,0,0,0,-1.5,-3,,
912,0,0,0,0,-1.5,-3,,
913,0,0,0,0,-1.5,-3,,
914,0,0,0,0,-1.5,-3,,
915,0,0,0,0,-1.5,-3,,
916,0,0,0,0,-1.5,-3,,
917,0,1,1,1,-0.5,-3,,
918,0,0,0,0,-1.5,-3,,
919,0,0,0,0,-1.5,-3,,
920,0,0,0,0,-1.5,-3,,
921,0,0,0,0,-1.5,-3,,
922,0,0,0,0,-1.5,-3,,
923,0,0,1,1,-1.5,-3,,
924,0,0,1,1,-1.5,-3,,
925,0,1,1,1,-0.5,-3,,
926,0,1,1,1,-0.5,-3,,
927,1,1,1,1,-0.5,-2,,
928,1,1,1,1,-0.5,-2,,
929,0,1,1,1,-0.5,-3,,
930,0,1,1,1,-0.5,-3,,
931,1,1,1,1,-0.5,-2,,
932,0,1,1,1,-0.5,-3,,
933,1,1,1,1,-0.5,-2,,
934,0,0,0,0,-1.5,-3,,
935,0,0,0,0,-1.5,-3,,
936,0,0,0,0,-1.5,-3,,
937,0,0,0,0,-1.5,-3,,
938,0,0,0,0,-1.5,-3,,
939,0,0,0,0,-1.5,-3,,
940,0,0,0,0,-1.5,-3,,
941,0,0,0,0,-1.5,-3,,
942,0,0,0,0,-1.5,-3,,
943,0,0,0,0,-1.5,-3,,
944,0,0,0,0,-1.5,-3,,
945,0,0,0,0,-1.5,-3,,
946,0,0,0,0,-1.5,-3,,
947,0,0,0,0,-1.5,-3,,
948,0,0,0,0,-1.5,-3,,
949,0,0,0,0,-1.5,-3,,
950,0,0,0,0,-1.5,-3,,
951,0,0,0,0,-1.5,-3,,
952,0,0,0,0,-1.5,-3,,
953,0,0,0,0,-1.5,-3,,
954,0,0,0,0,-1.5,-3,,
955,0,0,0,0,-1.5,-3,,
956,0,0,0,0,-1.5,-3,,
957,0,0,0,0,-1.5,-3,,
958,0,0,0,0,-1.5,-3,,
959,0,0,0,0,-1.5,-3,,
960,0,0,0,0,-1.5,-3,,
961,0,0,0,0,-1.5,-3,,
962,0,0,0,0,-1.5,-3,,
963,0,0,0,0,-1.5,-3,,
964,0,0,0,0,-1.5,-3,,
965,0,0,0,0,-1.5,-3,,
966,0,0,0,0,-1.5,-3,,
967,0,0,0,0,-1.5,-3,,
968,0,0,0,0,-1.5,-3,,
969,0,0,0,0,-1.5,-3,,
970,0,0,0,0,-1.5,-3,,
971,0,0,0,0,-1.5,-3,,
972,0,0,0,0,-1.5,-3,,
973,0,0,0,0,-1.5,-3,,
974,0,0,0,0,-1.5,-3,,
975,0,0,0,0,-1.5,-3,,
976,0,0,0,0,-1.5,-3,,
977,0,0,0,0,-1.5,-3,,
978,0,0,0,0,-1.5,-3,,
979,0,0,0,0,-1.5,-3,,
980,0,0,0,0,-1.5,-3,,
981,0,1,0,0,-0.5,-3,,
982,0,1,0,0,-0.5,-3,,
983,0,1,0,0,-0.5,-3,,
984,1,1,0,0,-0.5,-2,,
985,0,1,0,0,-0.5,-3,,
986,0,0,0,0,-1.5,-3,,
987,0,0,0,0,-1.5,-3,,
988,0,0,0,0,-1.5,-3,,
989,0,0,0,0,-1.5,-3,,
990,0,1,0,0,-0.5,-3,,
991,0,0,0,0,-1.5,-3,,
992,0,0,0,0,-1.5,-3,,
993,0,0,0,0,-1.5,-3,,
994,0,0,0,0,-1.5,-3,,
995,0,0,0,0,-1.5,-3,,
996,0,0,0,0,-1.5,-3,,
997,0,0,0,0,-1.5,-3,,
998,0,0,0,0,-1.5,-3,,
999,0,0,0,0,-1.5,-3,,
1000,0,0,0,0,-1.5,-3,,
1001,0,0,0,0,-1.5,-3,,
1002,0,0,0,0,-1.5,-3,,
1003,0,0,0,0,-1.5,-3,,
1004,0,0,0,0,-1.5,-3,,
1005,0,0,0,0,-1.5,-3,,
1006,0,0,0,0,-1.5,-3,,
1007,0,0,0,0,-1.5,-3,,
1008,0,0,0,0,-1.5,-3,,
1009,0,0,0,0,-1.5,-3,,
1010,1,1,0,0,-0.5,-2,,
1011,0,0,0,0,-1.5,-3,,
1012,0,0,0,0,-1.5,-3,,
1013,0,0,0,0,-1.5,-3,,
1014,0,0,0,0,-1.5,-3,,
1015,0,0,0,0,-1.5,-3,,
1016,0,0,0,0,-1.5,-3,,
1017,0,0,0,0,-1.5,-3,,
1018,0,0,0,0,-1.5,-3,,
1019,0,0,0,0,-1.5,-3,,
1020,0,0,0,0,-1.5,-3,,
1021,0,0,0,0,-1.5,-3,,
1022,0,0,0,0,-1.5,-3,,
1023,0,0,0,0,-1.5,-3,,
1024,0,0,0,0,-1.5,-3,,
1025,0,0,1,1,-1.5,-3,,
1026,0,0,0,0,-1.5,-3,,
1027,0,0,1,1,-1.5,-3,,
1028,1,1,1,1,-0.5,-2,,
1029,0,1,1,1,-0.5,-3,,
1030,0,1,1,1,-0.5,-3,,
1031,0,1,1,1,-0.5,-3,,
1032,0,0,1,1,-1.5,-3,,
1033,0,0,1,1,-1.5,-3,,
1034,0,0,1,1,-1.5,-3,,
1035,0,0,1,1,-1.5,-3,,
1036,0,1,1,1,-0.5,-3,,
1037,0,0,1,1,-1.5,-3,,
1038,0,0,0,0,-1.5,-3,,
1039,0,0,0,0,-1.5,-3,,
1040,0,0,1,1,-1.5,-3,,
1041,0,0,1,1,-1.5,-3,,
1042,0,0,1,1,-1.5,-3,,
1043,0,0,0,0,-1.5,-3,,
1044,0,0,0,0,-1.5,-3,,
1045,0,0,0,0,-1.5,-3,,
1046,0,0,0,0,-1.5,-3,,
1047,0,0,0,0,-1.5,-3,,
1048,0,0,0,0,-1.5,-3,,
1049,0,0,0,0,-1.5,-3,,
1050,0,1,0,0,-0.5,-3,,
1051,0,0,0,0,-1.5,-3,,
1052,0,0,0,0,-1.5,-3,,
1053,0,0,0,0,-1.5,-3,,
1054,0,0,0,0,-1.5,-3,,
1055,0,0,0,0,-1.5,-3,,
1056,0,0,0,0,-1.5,-3,,
1057,0,0,0,0,-1.5,-3,,
1058,0,0,1,1,-1.5,-3,,
1059,0,0,1,1,-1.5,-3,,
1060,0,0,0,0,-1.5,-3,,
1061,0,0,1,1,-1.5,-3,,
1062,0,0,1,1,-1.5,-3,,
1063,0,0,1,1,-1.5,-3,,
1064,0,1,1,1,-0.5,-3,,
1065,0,1,1,1,-0.5,-3,,
1066,1,1,1,1,-0.5,-2,,
1067,1,1,0,0,-0.5,-2,,
1068,0,0,0,0,-1.5,-3,,
1069,0,0,0,0,-1.5,-3,,
1070,0,1,0,0,-0.5,-3,,
1071,0,1,0,0,-0.5,-3,,
1072,0,1,0,0,-0.5,-3,,
1073,1,1,0,0,-0.5,-2,,
1074,0,1,0,0,-0.5,-3,,
1075,0,1,0,0,-0.5,-3,,
1076,0,1,0,0,-0.5,-3,,
1077,0,1,0,0,-0.5,-3,,
1078,0,1,0,0,-0.5,-3,,
1079,1,1,0,0,-0.5,-2,,
1080,0,1,0,0,-0.5,-3,,
1081,0,0,0,0,-1.5,-3,,
1082,0,0,0,0,-1.5,-3,,
1083,0,0,0,0,-1.5,-3,,
1084,0,0,0,0,-1.5,-3,,
1085,0,0,0,0,-1.5,-3,,
1086,0,0,0,0,-1.5,-3,,
1087,0,0,0,0,-1.5,-3,,
1088,0,0,0,0,-1.5,-3,,
1089,0,0,0,0,-1.5,-3,,
1090,0,0,0,0,-1.5,-3,,
1091,0,0,0,0,-1.5,-3,,
1092,0,0,0,0,-1.5,-3,,
1093,0,0,0,0,-1.5,-3,,
1094,0,0,0,0,-1.5,-3,,
1095,0,0,0,0,-1.5,-3,,
1096,0,1,0,0,-0.5,-3,,
1097,0,1,0,0,-0.5,-3,,
1098,0,1,0,0,-0.5,-3,,
1099,0,1,0,0,-0.5,-3,,
1100,1,1,0,0,-0.5,-2,,
1101,0,1,0,0,-0.5,-3,,
1102,0,1,0,0,-0.5,-3,,
1103,0,1,0,0,-0.5,-3,,
1104,1,1,0,0,-0.5,-2,,
1105,0,1,0,0,-0.5,-3,,
1106,0,1,0,0,-0.5,-3,,
1107,1,1,0,0,-0.5,-2,,
1108,0,1,0,0,-0.5,-3,,
1109,0,1,0,0,-0.5,-3,,
1110,1,1,0,0,-0.5,-2,,
1111,0,0,0,0,-1.5,-3,,
1112,0,1,0,0,-0.5,-3,,
1113,0,0,0,0,-1.5,-3,,
1114,0,0,0,0,-1.5,-3,,
1115,0,0,0,0,-1.5,-3,,
1116,0,0,0,0,-1.5,-3,,
1117,0,0,0,0,-1.5,-3,,
1118,0,0,0,0,-1.5,-3,,
1119,0,0,0,0,-1.5,-3,,
1120,0,0,0,0,-1.5,-3,,
1121,0,0,0,0,-1.5,-3,,
1122,1,1,0,0,-0.5,-2,,
1123,0,1,0,0,-0.5,-3,,
1124,0,1,0,0,-0.5,-3,,
1125,0,1,0,0,-0.5,-3,,
1126,1,1,0,0,-0.5,-2,,
1127,0,1,0,0,-0.5,-3,,
1128,0,0,0,0,-1.5,-3,,
1129,0,0,0,0,-1.5,-3,,
1130,0,0,0,0,-1.5,-3,,
1131,0,0,0,0,-1.5,-3,,
1132,0,1,0,0,-0.5,-3,,
1133,0,0,0,0,-1.5,-3,,
1134,0,1,0,0,-0.5,-3,,
1135,0,1,0,0,-0.5,-3,,
1136,0,1,0,0,-0.5,-3,,
1137,0,0,0,0,-1.5,-3,,
1138,0,0,0,0,-1.5,-3,,
1139,0,1,0,0,-0.5,-3,,
1140,0,1,0,0,-0.5,-3,,
1141,0,1,0,0,-0.5,-3,,
1142,0,0,0,0,-1.5,-3,,
1143,1,1,0,0,-0.5,-2,,
1144,0,1,0,0,-0.5,-3,,
1145,1,1,0,0,-0.5,-2,,
1146,1,1,0,0,-0.5,-2,,
1147,1,1,0,0,-0.5,-2,,
1148,0,1,0,0,-0.5,-3,,
1149,1,1,0,0,-0.5,-2,,
1150,1,1,0,0,-0.5,-2,,
1151,0,1,0,0,-0.5,-3,,
1152,0,1,0,0,-0.5,-3,,
1153,0,1,0,0,-0.5,-3,,
1154,0,1,0,0,-0.5,-3,,
1155,1,1,0,0,-0.5,-2,,
1156,1,1,0,0,-0.5,-2,,
1157,0,1,0,0,-0.5,-3,,
1158,0,1,0,0,-0.5,-3,,
1159,0,0,0,0,-1.5,-3,,
1160,0,0,0,0,-1.5,-3,,
1161,0,0,0,0,-1.5,-3,,
1162,0,0,0,0,-1.5,-3,,
1163,0,0,0,0,-1.5,-3,,
1164,0,0,0,0,-1.5,-3,,
1165,1,1,0,0,-0.5,-2,,
1166,0,1,0,0,-0.5,-3,,
1167,0,1,0,0,-0.5,-3,,
1168,1,1,0,0,-0.5,-2,,
1169,1,1,0,0,-0.5,-2,,
1170,0,1,0,0,-0.5,-3,,
1171,0,1,0,0,-0.5,-3,,
1172,0,0,0,0,-1.5,-3,,
1173,0,0,0,0,-1.5,-3,,
1174,0,0,0,0,-1.5,-3,,
1175,0,0,0,0,-1.5,-3,,
1176,1,1,0,0,-0.5,-2,,
1177,1,1,0,0,-0.5,-2,,
1178,0,1,0,0,-0.5,-3,,
1179,1,1,0,0,-0.5,-2,,
1180,0,1,0,0,-0.5,-3,,
1181,1,1,0,0,-0.5,-2,,
1182,1,1,0,0,-0.5,-2,,
1183,1,1,0,0,-0.5,-2,,
1184,0,1,0,0,-0.5,-3,,
1185,0,1,0,0,-0.5,-3,,
1186,0,0,0,0,-1.5,-3,,
1187,0,0,0,0,-1.5,-3,,
1188,0,0,0,0,-1.5,-3,,
1189,0,0,0,0,-1.5,-3,,
1190,0,0,0,0,-1.5,-3,,
1191,0,0,0,0,-1.5,-3,,
1192,0,0,0,0,-1.5,-3,,
1193,0,0,0,0,-1.5,-3,,
1194,0,0,0,0,-1.5,-3,,
1195,0,0,0,0,-1.5,-3,,
1196,0,0,0,0,-1.5,-3,,
1197,0,0,0,0,-1.5,-3,,
1198,0,0,0,0,-1.5,-3,,
1199,0,0,0,0,-1.5,-3,,
1200,0,0,0,0,-1.5,-3,,
1201,0,0,0,0,-1.5,-3,,
1202,0,0,0,0,-1.5,-3,,
1203,0,0,0,0,-1.5,-3,,
1204,0,0,0,0,-1.5,-3,,
1205,0,0,0,0,-1.5,-3,,
1206,0,0,0,0,-1.5,-3,,
1207,0,0,0,0,-1.5,-3,,
1208,0,0,0,0,-1.5,-3,,
1209,0,0,0,0,-1.5,-3,,
1210,0,1,1,1,-0.5,-3,,
1211,0,1,1,1,-0.5,-3,,
1212,0,1,1,1,-0.5,-3,,
1213,0,0,1,1,-1.5,-3,,
1214,0,0,1,1,-1.5,-3,,
1215,0,0,1,1,-1.5,-3,,
1216,0,0,1,1,-1.5,-3,,
1217,0,0,0,0,-1.5,-3,,
1218,0,0,0,0,-1.5,-3,,
1219,0,0,1,1,-1.5,-3,,
1220,0,0,1,1,-1.5,-3,,
1221,0,0,1,1,-1.5,-3,,
1222,0,1,1,1,-0.5,-3,,
1223,1,1,1,1,-0.5,-2,,
1224,0,0,0,0,-1.5,-3,,
1225,0,0,0,0,-1.5,-3,,
1226,0,0,0,0,-1.5,-3,,
1227,0,0,0,0,-1.5,-3,,
1228,0,0,0,0,-1.5,-3,,
1229,0,0,0,0,-1.5,-3,,
1230,0,0,0,0,-1.5,-3,,
1231,0,0,0,0,-1.5,-3,,
1232,0,0,0,0,-1.5,-3,,
1233,0,0,0,0,-1.5,-3,,
1234,0,0,0,0,-1.5,-3,,
1235,0,0,0,0,-1.5,-3,,
1236,0,0,0,0,-1.5,-3,,
1237,0,0,0,0,-1.5,-3,,
1238,0,0,0,0,-1.5,-3,,
1239,0,0,0,0,-1.5,-3,,
1240,0,0,1,1,-1.5,-3,,
1241,0,0,0,0,-1.5,-3,,
1242,0,0,0,0,-1.5,-3,,
1243,0,0,0,0,-1.5,-3,,
1244,0,0,1,1,-1.5,-3,,
1245,0,0,1,1,-1.5,-3,,
1246,0,0,1,1,-1.5,-3,,
1247,0,0,1,1,-1.5,-3,,
1248,0,1,1,1,-0.5,-3,,
1249,0,1,1,1,-0.5,-3,,
1250,0,0,0,0,-1.5,-3,,
1251,0,0,0,0,-1.5,-3,,
1252,0,0,0,0,-1.5,-3,,
1253,0,0,0,0,-1.5,-3,,
1254,0,0,0,0,-1.5,-3,,
1255,0,0,0,0,-1.5,-3,,
1256,0,0,0,0,-1.5,-3,,
1257,0,0,0,0,-1.5,-3,,
1258,0,0,0,0,-1.5,-3,,
1259,0,0,0,0,-1.5,-3,,
1260,0,0,0,0,-1.5,-3,,
1261,0,0,0,0,-1.5,-3,,
1262,0,0,0,0,-1.5,-3,,
1263,0,0,0,0,-1.5,-3,,
1264,0,0,0,0,-1.5,-3,,
1265,0,0,0,0,-1.5,-3,,
1266,0,0,0,0,-1.5,-3,,
1267,0,0,0,0,-1.5,-3,,
1268,0,0,0,0,-1.5,-3,,
1269,0,0,0,0,-1.5,-3,,
1270,0,0,0,0,-1.5,-3,,
1271,0,0,0,0,-1.5,-3,,
1272,0,0,0,0,-1.5,-3,,
1273,0,0,0,0,-1.5,-3,,
1274,1,1,0,0,-0.5,-2,,
1275,0,1,0,0,-0.5,-3,,
1276,0,0,0,0,-1.5,-3,,
1277,0,0,0,0,-1.5,-3,,
1278,0,0,0,0,-1.5,-3,,
1279,0,0,0,0,-1.5,-3,,
1280,0,0,0,0,-1.5,-3,,
1281,0,0,0,0,-1.5,-3,,
1282,0,0,0,0,-1.5,-3,,
1283,0,0,0,0,-1.5,-3,,
1284,0,0,0,0,-1.5,-3,,
1285,0,0,0,0,-1.5,-3,,
1286,0,0,0,0,-1.5,-3,,
1287,0,0,0,0,-1.5,-3,,
1288,0,0,0,0,-1.5,-3,,
1289,0,0,0,0,-1.5,-3,,
1290,0,0,0,0,-1.5,-3,,
1291,0,0,0,0,-1.5,-3,,
1292,0,1,1,1,-0.5,-3,,
1293,0,1,1,1,-0.5,-3,,
1294,0,0,1,1,-1.5,-3,,
1295,0,1,1,1,-0.5,-3,,
1296,0,1,1,1,-0.5,-3,,
1297,0,1,1,1,-0.5,-3,,
1298,0,0,1,1,-1.5,-3,,
1299,0,0,1,1,-1.5,-3,,
1300,0,1,1,1,-0.5,-3,,
1301,0,0,1,1,-1.5,-3,,
1302,0,0,1,1,-1.5,-3,,
1303,0,1,1,1,-0.5,-3,,
1304,0,1,1,1,-0.5,-3,,
1305,0,0,1,1,-1.5,-3,,
1306,0,0,1,1,-1.5,-3,,
1307,0,0,1,1,-1.5,-3,,
1308,0,0,1,1,-1.5,-3,,
1309,0,0,1,1,-1.5,-3,,
1310,0,0,1,1,-1.5,-3,,
1311,0,1,1,1,-0.5,-3,,
1312,0,0,0,0,-1.5,-3,,
1313,0,0,0,0,-1.5,-3,,
1314,0,0,0,0,-1.5,-3,,
1315,0,0,0,0,-1.5,-3,,
1316,0,0,0,0,-1.5,-3,,
1317,0,0,0,0,-1.5,-3,,
1318,0,0,0,0,-1.5,-3,,
1319,0,0,0,0,-1.5,-3,,
1320,0,0,0,0,-1.5,-3,,
1321,0,0,0,0,-1.5,-3,,
1322,0,0,0,0,-1.5,-3,,
1323,0,0,0,0,-1.5,-3,,
1324,0,0,0,0,-1.5,-3,,
1325,0,0,0,0,-1.5,-3,,
1326,0,0,0,0,-1.5,-3,,
1327,0,0,0,0,-1.5,-3,,
1328,0,0,0,0,-1.5,-3,,
1329,0,0,0,0,-1.5,-3,,
1330,0,0,0,0,-1.5,-3,,
1331,0,0,0,0,-1.5,-3,,
1332,0,0,1,1,-1.5,-3,,
1333,0,0,0,0,-1.5,-3,,
1334,0,0,0,0,-1.5,-3,,
1335,0,0,0,0,-1.5,-3,,
1336,0,0,0,0,-1.5,-3,,
1337,0,0,1,1,-1.5,-3,,
1338,0,0,1,1,-1.5,-3,,
1339,0,0,1,1,-1.5,-3,,
1340,0,0,0,0,-1.5,-3,,
1341,0,0,0,0,-1.5,-3,,
1342,0,0,0,0,-1.5,-3,,
1343,0,1,0,0,-0.5,-3,,
1344,0,0,0,0,-1.5,-3,,
1345,0,0,0,0,-1.5,-3,,
1346,0,0,0,0,-1.5,-3,,
1347,0,0,0,0,-1.5,-3,,
1348,0,0,0,0,-1.5,-3,,
1349,0,0,0,0,-1.5,-3,,
1350,0,0,1,1,-1.5,-3,,
1351,0,1,1,1,-0.5,-3,,
1352,0,1,1,1,-0.5,-3,,
1353,0,0,1,1,-1.5,-3,,
1354,0,0,0,0,-1.5,-3,,
1355,0,1,1,1,-0.5,-3,,
1356,0,0,0,0,-1.5,-3,,
1357,0,0,0,0,-1.5,-3,,
1358,0,1,1,1,-0.5,-3,,
1359,1,1,1,1,-0.5,-2,,
1360,0,1,1,1,-0.5,-3,,
1361,0,0,1,1,-1.5,-3,,
1362,0,0,1,1,-1.5,-3,,
1363,0,0,1,1,-1.5,-3,,
1364,0,0,1,1,-1.5,-3,,
1365,0,0,1,1,-1.5,-3,,
1366,0,0,0,0,-1.5,-3,,
1367,0,0,0,0,-1.5,-3,,
1368,0,0,0,0,-1.5,-3,,
1369,0,0,0,0,-1.5,-3,,
1370,0,0,0,0,-1.5,-3,,
1371,0,0,0,0,-1.5,-3,,
1372,0,0,0,0,-1.5,-3,,
1373,0,0,0,0,-1.5,-3,,
1374,0,0,0,0,-1.5,-3,,
1375,0,0,0,0,-1.5,-3,,
1376,0,0,0,0,-1.5,-3,,
1377,0,0,0,0,-1.5,-3,,
1378,0,0,0,0,-1.5,-3,,
1379,0,0,0,0,-1.5,-3,,
1380,0,0,0,0,-1.5,-3,,
1381,0,0,0,0,-1.5,-3,,
1382,0,0,0,0,-1.5,-3,,
1383,0,0,0,0,-1.5,-3,,
1384,0,0,0,0,-1.5,-3,,
1385,0,0,0,0,-1.5,-3,,
1386,0,0,0,0,-1.5,-3,,
1387,0,0,0,0,-1.5,-3,,
1388,0,0,0,0,-1.5,-3,,
1389,0,0,0,0,-1.5,-3,,
1390,0,0,0,0,-1.5,-3,,
1391,0,0,0,0,-1.5,-3,,
1392,0,0,0,0,-1.5,-3,,
1393,0,0,0,0,-1.5,-3,,
1394,0,0,0,0,-1.5,-3,,
1395,0,0,0,0,-1.5,-3,,
1396,0,0,0,0,-1.5,-3,,
1397,0,0,0,0,-1.5,-3,,
1398,0,0,0,0,-1.5,-3,,
1399,0,0,0,0,-1.5,-3,,
1400,0,0,0,0,-1.5,-3,,
1401,0,0,0,0,-1.5,-3,,
1402,0,0,0,0,-1.5,-3,,
1403,0,0,0,0,-1.5,-3,,
1404,0,0,0,0,-1.5,-3,,
1405,0,0,0,0,-1.5,-3,,
1406,1,0,0,0,-1.5,-2,,
1407,0,0,0,0,-1.5,-3,,
1408,0,0,0,0,-1.5,-3,,
1409,0,0,0,0,-1.5,-3,,
1410,0,0,0,0,-1.5,-3,,
1411,0,0,0,0,-1.5,-3,,
1412,0,0,0,0,-1.5,-3,,
1413,0,0,0,0,-1.5,-3,,
1414,0,0,0,0,-1.5,-3,,
1415,0,0,0,0,-1.5,-3,,
1416,0,0,0,0,-1.5,-3,,
1417,0,0,0,0,-1.5,-3,,
1418,0,0,0,0,-1.5,-3,,
1419,0,0,0,0,-1.5,-3,,
1420,0,0,0,0,-1.5,-3,,
1421,0,0,0,0,-1.5,-3,,
1422,0,0,0,0,-1.5,-3,,
1423,0,0,0,0,-1.5,-3,,
1424,0,0,0,0,-1.5,-3,,
1425,0,0,0,0,-1.5,-3,,
1426,0,0,0,0,-1.5,-3,,
1427,0,0,0,0,-1.5,-3,,
1428,0,0,0,0,-1.5,-3,,
1429,0,0,0,0,-1.5,-3,,
1430,0,0,0,0,-1.5,-3,,
1431,0,0,0,0,-1.5,-3,,
1432,0,0,0,0,-1.5,-3,,
1433,0,0,0,0,-1.5,-3,,
1434,0,0,0,0,-1.5,-3,,
1435,0,0,0,0,-1.5,-3,,
1436,0,0,0,0,-1.5,-3,,
1437,0,0,0,0,-1.5,-3,,
1438,0,0,0,0,-1.5,-3,,
1439,0,0,0,0,-1.5,-3,,
1440,0,0,0,0,-1.5,-3,,
1441,0,0,0,0,-1.5,-3,,
1442,0,0,0,0,-1.5,-3,,
1443,0,0,0,0,-1.5,-3,,
1444,0,0,0,0,-1.5,-3,,
1445,0,0,0,0,-1.5,-3,,
1446,0,0,0,0,-1.5,-3,,
1447,0,0,0,0,-1.5,-3,,
1448,0,0,0,0,-1.5,-3,,
1449,0,0,0,0,-1.5,-3,,
1450,0,0,0,0,-1.5,-3,,
1451,0,0,0,0,-1.5,-3,,
1452,0,0,0,0,-1.5,-3,,
1453,0,0,0,0,-1.5,-3,,
1454,0,0,0,0,-1.5,-3,,
1455,0,0,0,0,-1.5,-3,,
1456,0,0,0,0,-1.5,-3,,
1457,0,0,0,0,-1.5,-3,,
1458,0,0,0,0,-1.5,-3,,
1459,0,0,1,1,-1.5,-3,,
1460,1,1,1,1,-0.5,-2,,
1461,0,0,0,0,-1.5,-3,,
1462,0,0,0,0,-1.5,-3,,
1463,0,0,1,1,-1.5,-3,,
1464,0,1,1,1,-0.5,-3,,
1465,1,0,1,1,-1.5,-2,,
1466,1,0,1,1,-1.5,-2,,
1467,0,1,1,1,-0.5,-3,,
1468,0,0,1,1,-1.5,-3,,
1469,0,0,0,0,-1.5,-3,,
1470,0,0,1,1,-1.5,-3,,
1471,0,0,1,1,-1.5,-3,,
1472,0,0,1,1,-1.5,-3,,
1473,0,0,1,1,-1.5,-3,,
1474,0,0,0,0,-1.5,-3,,
1475,0,0,0,0,-1.5,-3,,
1476,0,0,0,0,-1.5,-3,,
1477,0,0,0,0,-1.5,-3,,
1478,0,0,0,0,-1.5,-3,,
1479,0,0,0,0,-1.5,-3,,
1480,0,0,0,0,-1.5,-3,,
1481,0,0,0,0,-1.5,-3,,
1482,0,0,0,0,-1.5,-3,,
1483,0,0,0,0,-1.5,-3,,
1484,0,0,0,0,-1.5,-3,,
1485,0,0,0,0,-1.5,-3,,
1486,0,0,0,0,-1.5,-3,,
1487,0,0,0,0,-1.5,-3,,
1488,0,0,0,0,-1.5,-3,,
1489,0,0,0,0,-1.5,-3,,
1490,0,0,0,0,-1.5,-3,,
1491,0,0,0,0,-1.5,-3,,
1492,0,0,0,0,-1.5,-3,,
1493,0,0,0,0,-1.5,-3,,
1494,0,0,0,0,-1.5,-3,,
1495,0,0,0,0,-1.5,-3,,
1496,1,0,0,0,-1.5,-2,,
1497,1,0,0,0,-1.5,-2,,
1498,0,0,0,0,-1.5,-3,,
1499,0,0,0,0,-1.5,-3,,
1500,0,0,0,0,-1.5,-3,,
1501,0,0,0,0,-1.5,-3,,
1502,0,0,0,0,-1.5,-3,,
1503,0,0,0,0,-1.5,-3,,
1504,0,1,0,0,-0.5,-3,,
1505,0,0,0,0,-1.5,-3,,
1506,0,0,0,0,-1.5,-3,,
1507,0,0,0,0,-1.5,-3,,
1508,0,0,0,0,-1.5,-3,,
1509,0,0,0,0,-1.5,-3,,
1510,0,0,0,0,-1.5,-3,,
1511,0,0,0,0,-1.5,-3,,
1512,0,0,0,0,-1.5,-3,,
1513,0,0,0,0,-1.5,-3,,
1514,0,0,0,0,-1.5,-3,,
1515,0,0,0,0,-1.5,-3,,
1516,0,0,0,0,-1.5,-3,,
1517,0,0,0,0,-1.5,-3,,
1518,0,0,0,0,-1.5,-3,,
1519,0,0,0,0,-1.5,-3,,
1520,0,0,0,0,-1.5,-3,,
1521,0,0,0,0,-1.5,-3,,
1522,0,0,0,0,-1.5,-3,,
1523,0,0,0,0,-1.5,-3,,
1524,0,0,0,0,-1.5,-3,,
1525,0,0,0,0,-1.5,-3,,
1526,0,0,0,0,-1.5,-3,,
1527,0,0,0,0,-1.5,-3,,
1528,0,0,0,0,-1.5,-3,,
1529,0,0,0,0,-1.5,-3,,
1530,0,0,0,0,-1.5,-3,,
1531,0,0,0,0,-1.5,-3,,
1532,0,0,0,0,-1.5,-3,,
1533,1,1,1,1,-0.5,-2,,
1534,0,1,1,1,-0.5,-3,,
1535,0,0,1,1,-1.5,-3,,
1536,0,0,1,1,-1.5,-3,,
1537,0,0,1,1,-1.5,-3,,
1538,0,0,0,0,-1.5,-3,,
1539,0,0,0,0,-1.5,-3,,
1540,0,0,0,0,-1.5,-3,,
1541,0,0,0,0,-1.5,-3,,
1542,0,0,0,0,-1.5,-3,,
1543,0,0,0,0,-1.5,-3,,
1544,0,0,0,0,-1.5,-3,,
1545,0,0,0,0,-1.5,-3,,
1546,0,0,0,0,-1.5,-3,,
1547,0,0,0,0,-1.5,-3,,
1548,0,0,0,0,-1.5,-3,,
1549,0,0,0,0,-1.5,-3,,
1550,0,0,0,0,-1.5,-3,,
1551,0,0,0,0,-1.5,-3,,
1552,0,0,0,0,-1.5,-3,,
1553,0,0,0,0,-1.5,-3,,
1554,0,0,0,0,-1.5,-3,,
1555,0,0,0,0,-1.5,-3,,
1556,0,0,0,0,-1.5,-3,,
1557,0,0,0,0,-1.5,-3,,
1558,0,0,0,0,-1.5,-3,,
1559,0,0,0,0,-1.5,-3,,
1560,0,0,0,0,-1.5,-3,,
1561,0,0,0,0,-1.5,-3,,
1562,0,0,0,0,-1.5,-3,,
1563,0,0,0,0,-1.5,-3,,
1564,0,0,0,0,-1.5,-3,,
1565,0,0,0,0,-1.5,-3,,
1566,0,0,0,0,-1.5,-3,,
1567,0,0,0,0,-1.5,-3,,
1568,0,0,0,0,-1.5,-3,,
1569,0,0,0,0,-1.5,-3,,
1570,0,0,0,0,-1.5,-3,,
1571,0,0,0,0,-1.5,-3,,
1572,0,0,0,0,-1.5,-3,,
1573,0,0,0,0,-1.5,-3,,
1574,0,1,1,1,-0.5,-3,,
1575,0,1,1,1,-0.5,-3,,
1576,1,1,1,1,-0.5,-2,,
1577,0,1,1,1,-0.5,-3,,
1578,0,1,1,1,-0.5,-3,,
1579,1,1,1,1,-0.5,-2,,
1580,0,1,1,1,-0.5,-3,,
1581,1,1,1,1,-0.5,-2,,
1582,0,1,1,1,-0.5,-3,,
1583,0,1,1,1,-0.5,-3,,
1584,1,1,1,1,-0.5,-2,,
1585,1,1,0,0,-0.5,-2,,
1586,1,1,0,0,-0.5,-2,,
1587,0,1,0,0,-0.5,-3,,
1588,0,1,0,0,-0.5,-3,,
1589,1,1,0,0,-0.5,-2,,
1590,0,1,0,0,-0.5,-3,,
1591,0,1,0,0,-0.5,-3,,
1592,1,1,0,0,-0.5,-2,,
1593,1,1,0,0,-0.5,-2,,
1594,0,0,0,0,-1.5,-3,,
1595,0,0,0,0,-1.5,-3,,
1596,0,0,0,0,-1.5,-3,,
1597,0,0,0,0,-1.5,-3,,
1598,0,0,0,0,-1.5,-3,,
1599,0,1,0,0,-0.5,-3,,
1600,1,1,0,0,-0.5,-2,,
1601,1,1,0,0,-0.5,-2,,
1602,0,1,0,0,-0.5,-3,,
